path,target,category
audio/9af467af9f429584.wav,0,Dog
audio/a3337468343825f9.wav,0,Dog
audio/f90147541f13fd96.wav,0,Dog
audio/6d92d64bb9b10b55.wav,0,Dog
audio/52ffe91f38b385ef.wav,0,Dog
audio/c0faabe6143d8001.wav,0,Dog
audio/4cb75618e14867dc.wav,0,Dog
audio/cc41b75b58d2f453.wav,0,Dog
audio/43a67a05b586ca14.wav,0,Dog
audio/a6700d970546b7df.wav,0,Dog
audio/267ab2b37ef76229.wav,0,Dog
audio/3f0f9291c4d81546.wav,0,Dog
audio/ff1bff64e9dcd8e0.wav,1,Rooster
audio/b7ca39514013b936.wav,1,Rooster
audio/71bce9ad70d0bbf7.wav,1,Rooster
audio/e045c1c9211b0ef6.wav,1,Rooster
audio/7525fd9233f9c314.wav,1,Rooster
audio/7fa5b402c83dae00.wav,1,Rooster
audio/fd0296c2a6581ec3.wav,1,Rooster
audio/85567ef042b310eb.wav,1,Rooster
audio/ba3000a037f2d1df.wav,1,Rooster
audio/c86bcf44f27dc2cc.wav,1,Rooster
audio/92bfaaec321a08f0.wav,1,Rooster
audio/a355df5aff80fb7a.wav,1,Rooster
audio/40e9f141942b8814.wav,2,Pig
audio/760e126eb5204f88.wav,2,Pig
audio/b7b8c7d359bf3473.wav,2,Pig
audio/9e269511deb65af4.wav,2,Pig
audio/42522c863c600829.wav,2,Pig
audio/10ee66f3d57f780b.wav,2,Pig
audio/79b399209c1cf9c0.wav,2,Pig
audio/0220f3766dcd024f.wav,2,Pig
audio/65a815ed777fa297.wav,2,Pig
audio/44804de448bc0c6c.wav,2,Pig
audio/ebfb4578e99ca8f0.wav,2,Pig
audio/fc0f0c3f68c50cf2.wav,2,Pig
audio/5a4d6917a99763f6.wav,3,Cow
audio/858924615a9507cb.wav,3,Cow
audio/cd209d7f08a56a49.wav,3,Cow
audio/12e484c7cf3523e0.wav,4,Frog
audio/fffa4ae1dd1b5400.wav,4,Frog
audio/48b6aa7a63ab9091.wav,4,Frog
audio/c15672e5c12b7be4.wav,4,Frog
audio/dea2c74a1472a061.wav,4,Frog
audio/df9dd2c038c927ac.wav,4,Frog
audio/e19a349f6181d01e.wav,4,Frog
audio/21bbb2b611cc4f3b.wav,4,Frog
audio/8843423d0a5a7647.wav,4,Frog
audio/54f2bf9c5ed085f0.wav,4,Frog
audio/13c93175872873a7.wav,4,Frog
audio/18bad8db8beb8660.wav,4,Frog
audio/19a79c34a93ac43e.wav,4,Frog
audio/1b6b91224cd87076.wav,4,Frog
audio/a76a2b4d98d45bfe.wav,4,Frog
audio/5ad485a97cab2c79.wav,4,Frog
audio/aa5021f85cf7b72c.wav,4,Frog
audio/8b0c7ac5d5e6d737.wav,4,Frog
audio/40e02845247df602.wav,4,Frog
audio/b5b707a93a1c5e7f.wav,4,Frog
audio/7528bb7ee6d7d2fc.wav,4,Frog
audio/1990c92696a19e85.wav,4,Frog
audio/f0fc6dc9e9c2917a.wav,4,Frog
audio/409cf2815f181de1.wav,4,Frog
audio/1aad8c607cfe24bd.wav,4,Frog
audio/64cc5929c3584655.wav,4,Frog
audio/bcaa5fb9474b9f40.wav,4,Frog
audio/3f8238b95b3e4b71.wav,4,Frog
audio/495c7a933f227872.wav,4,Frog
audio/ea3e7179bf7b3a56.wav,4,Frog
audio/e693abdb7c5af12c.wav,4,Frog
audio/38cd415be22a226b.wav,4,Frog
audio/5cc7c43d426a2a71.wav,4,Frog
audio/45b9edacc1d3d3b6.wav,4,Frog
audio/217dc78bd31a775c.wav,4,Frog
audio/39fd89617b895519.wav,5,Cat
audio/eb8077aa99739ba7.wav,5,Cat
audio/83243f55850032ea.wav,5,Cat
audio/f19e9d6147fdd022.wav,5,Cat
audio/05d7179699475f52.wav,5,Cat
audio/8638f7b8eb35ef6b.wav,5,Cat
audio/b7a1b4bffde90604.wav,5,Cat
audio/ec45c9127bd08073.wav,5,Cat
audio/3418d223a042465b.wav,5,Cat
audio/149148cd07217246.wav,5,Cat
audio/0a82ce9f42e497c6.wav,5,Cat
audio/b01d0eb4fd95ceee.wav,5,Cat
audio/a33f0311c8ee3e7e.wav,6,Hen
audio/54de9c6a0dbe01df.wav,6,Hen
audio/f42913f0e7a88a2d.wav,6,Hen
audio/fff8b2926f7bb478.wav,6,Hen
audio/0d91cc3ce7b1e6c9.wav,6,Hen
audio/7fdda351a8cdde4e.wav,6,Hen
audio/83e8f9bc576322ff.wav,6,Hen
audio/d678042b1c703f59.wav,6,Hen
audio/9bf3a8d650b7ea5d.wav,6,Hen
audio/95ad52f984e7308f.wav,6,Hen
audio/b04cc2352d6e808f.wav,6,Hen
audio/325da59464b54538.wav,6,Hen
audio/aa7667de1bca0ba2.wav,3,Cow
audio/47ca5499fd71eb59.wav,3,Cow
audio/e487644437592314.wav,3,Cow
audio/44141b3d06d4b0cd.wav,3,Cow
audio/65005fc634a7c8c1.wav,3,Cow
audio/f12e28a22ec0f820.wav,3,Cow
audio/5290bcc91a4e9284.wav,3,Cow
audio/ffbce4effd98343f.wav,3,Cow
audio/dc094527abb190a8.wav,3,Cow
audio/b6941fc3f3a3534b.wav,3,Cow
audio/4aabb63eaccf6bef.wav,3,Cow
audio/cbb6a69822a97477.wav,3,Cow
audio/3054dc4737d0c229.wav,3,Cow
audio/a79f8e2e81f87636.wav,7,Sheep
audio/2f80987c1e951281.wav,3,Cow
audio/128c864a9e4bfa7e.wav,3,Cow
audio/d161d6bcdb46838e.wav,7,Sheep
audio/c6e6dcb8cb809ccb.wav,3,Cow
audio/fe197b55fac781f4.wav,3,Cow
audio/8e1e83c81bcd4004.wav,3,Cow
audio/81ef8f3453d5fd01.wav,3,Cow
audio/cb8ed9d7652d8efe.wav,7,Sheep
audio/1760098efdd11965.wav,8,Crow
audio/bd06206654d594ef.wav,8,Crow
audio/d1ac371a7211c3e7.wav,8,Crow
audio/b3b51785b5d2cb17.wav,8,Crow
audio/b323c4e4c51519d1.wav,8,Crow
audio/c58ec613d0e3f3e7.wav,8,Crow
audio/fdd20737e6d6101a.wav,8,Crow
audio/db398b9b17973a54.wav,8,Crow
audio/b9e50f76f1d2e507.wav,8,Crow
audio/425fffc7c15b946b.wav,8,Crow
audio/3e1d49ec9b21334f.wav,8,Crow
audio/b5630388a2608b8c.wav,8,Crow
audio/ee28b06e0bb4fdbe.wav,9,Mouse Click
audio/0c4598ff934d9da6.wav,9,Mouse Click
audio/92818069c5035e55.wav,9,Mouse Click
audio/032bbcd5d22d57f4.wav,9,Mouse Click
audio/a826804727d7e932.wav,9,Mouse Click
audio/e24ac3e19c2a51a1.wav,9,Mouse Click
audio/73ee03acb62c506e.wav,9,Mouse Click
audio/b31b199eb5f416d1.wav,9,Mouse Click
audio/5867b13bb9094bd4.wav,9,Mouse Click
audio/bfafc82358fcf01c.wav,9,Mouse Click
audio/15055ba3b396998b.wav,9,Mouse Click
audio/05451ab28988939a.wav,9,Mouse Click
audio/c4c117131ab5f8b0.wav,9,Mouse Click
audio/39c560e6a12df57a.wav,9,Mouse Click
audio/633bd41ae44a1c4e.wav,9,Mouse Click
audio/2db626ed3ae26eb4.wav,9,Mouse Click
audio/b3f2bd19f2fe6a25.wav,10,Keyboard Typing
audio/900392abdd1b1d17.wav,10,Keyboard Typing
audio/896dde0cfcaf5e41.wav,9,Mouse Click
audio/e83f22f956074af1.wav,10,Keyboard Typing
audio/63a89b939f0bd2c9.wav,9,Mouse Click
audio/c731c8fc9d728128.wav,9,Mouse Click
audio/62241a7143cfef45.wav,9,Mouse Click
audio/f1ac82372222a754.wav,9,Mouse Click
audio/f5f319da72057ef2.wav,9,Mouse Click
audio/c2fe2376ebd19e53.wav,11,Thunderstorm
audio/a2b65237eeb6b26a.wav,11,Thunderstorm
audio/d5b37412afb7c2b4.wav,11,Thunderstorm
audio/ab6f8396d2468b37.wav,11,Thunderstorm
audio/257f1d0c5ab3d9e6.wav,11,Thunderstorm
audio/85d525724a05feb5.wav,11,Thunderstorm
audio/0dddaacca7cbaebf.wav,11,Thunderstorm
audio/2b87bde18426fadb.wav,12,Sea Waves
audio/24ffeb1da25f489f.wav,12,Sea Waves
audio/f07169aea2b878a7.wav,12,Sea Waves
audio/addf835d8f4bf1ab.wav,12,Sea Waves
audio/2bef64e2a1cba676.wav,12,Sea Waves
audio/4512d04b816e82e2.wav,12,Sea Waves
audio/ed88bee514e9a6b6.wav,12,Sea Waves
audio/8ff8b3250520a162.wav,12,Sea Waves
audio/6618a8ed310f4088.wav,12,Sea Waves
audio/851182a32df9a2ec.wav,12,Sea Waves
audio/d34c59fb61a5cbb3.wav,12,Sea Waves
audio/eca8ba72f193f856.wav,12,Sea Waves
audio/70155e6281141395.wav,13,Bird Chirping
audio/af140118687117ad.wav,13,Bird Chirping
audio/ce12039050ce0a02.wav,13,Bird Chirping
audio/f0a48c3aaca2227b.wav,13,Bird Chirping
audio/6697e2c708fec434.wav,13,Bird Chirping
audio/29f8817608ec5c5f.wav,13,Bird Chirping
audio/3bfd287e14871e22.wav,13,Bird Chirping
audio/af9961e88c7e6b39.wav,13,Bird Chirping
audio/5e295d4e064b7e65.wav,13,Bird Chirping
audio/ad83309c9fdb5218.wav,13,Bird Chirping
audio/879159aa495a1629.wav,13,Bird Chirping
audio/cc59e8e7bb3d34d4.wav,13,Bird Chirping
audio/7779f534c59184f2.wav,13,Bird Chirping
audio/263c7d56d523ed85.wav,13,Bird Chirping
audio/1dbd823f4337bd34.wav,13,Bird Chirping
audio/cb8b3f3164183343.wav,13,Bird Chirping
audio/e94550ebce20eb60.wav,13,Bird Chirping
audio/e85f0ebb3714e233.wav,13,Bird Chirping
audio/4d8880f96a17fe21.wav,13,Bird Chirping
audio/aed128a3c2d53b42.wav,13,Bird Chirping
audio/70b7382a6b623bf1.wav,13,Bird Chirping
audio/3c511f9a40207b78.wav,13,Bird Chirping
audio/b1c94aa2fd898601.wav,13,Bird Chirping
audio/d8a5abf7c14fb0a8.wav,13,Bird Chirping
audio/cfe7537764a98c2d.wav,13,Bird Chirping
audio/e6127ca81ce37f47.wav,13,Bird Chirping
audio/9457e9fe9a599749.wav,13,Bird Chirping
audio/f376febc97eeb849.wav,13,Bird Chirping
audio/c595e5c0dd783f93.wav,13,Bird Chirping
audio/ac16e75e30bc1df5.wav,13,Bird Chirping
audio/b7c19a5e53131953.wav,13,Bird Chirping
audio/d42aecfce5ebecd7.wav,13,Bird Chirping
audio/30e06f809d793123.wav,13,Bird Chirping
audio/38226faae3091619.wav,13,Bird Chirping
audio/8f76e6c95df88e35.wav,13,Bird Chirping
audio/336d89ffe23a26e8.wav,14,Wolf Howl
audio/3b025b4489789cc8.wav,14,Wolf Howl
audio/ff7e490a3d74e142.wav,14,Wolf Howl
audio/aa27114d6b17976f.wav,14,Wolf Howl
audio/c455aefbab7389b2.wav,14,Wolf Howl
audio/95c3ca6e7dfd55c1.wav,14,Wolf Howl
audio/4fac072336993c36.wav,14,Wolf Howl
audio/b9e87665394a0a49.wav,14,Wolf Howl
audio/e43fc19a2cd820d6.wav,14,Wolf Howl
audio/08aeacc199cbbe57.wav,14,Wolf Howl
audio/3f441f7f583ad1e6.wav,14,Wolf Howl
audio/46f38ad19bb459a6.wav,14,Wolf Howl
audio/00c2dcd120620389.wav,14,Wolf Howl
audio/b6e130d572dbb239.wav,14,Wolf Howl
audio/52d9f9f5bceebe7b.wav,14,Wolf Howl
audio/b7802c1f548e0c47.wav,14,Wolf Howl
audio/3a385782d341639f.wav,14,Wolf Howl
audio/f59ea8a0396c9f60.wav,14,Wolf Howl
audio/d783f3823fb847cf.wav,14,Wolf Howl
audio/3296e0c86be6d971.wav,14,Wolf Howl
audio/70fb05a85e07f172.wav,14,Wolf Howl
audio/7e264e3ef6934e35.wav,14,Wolf Howl
audio/a75efa762cba4f18.wav,14,Wolf Howl
audio/906e35007c370b13.wav,11,Thunderstorm
audio/2b47c42b04da8d76.wav,11,Thunderstorm
audio/e47e7304db9e7b53.wav,11,Thunderstorm
audio/19ecdc0954a02f70.wav,11,Thunderstorm
audio/3b3e81c9badd9a3a.wav,11,Thunderstorm
audio/4987422abc41e34a.wav,11,Thunderstorm
audio/06e93453a9b5de84.wav,11,Thunderstorm
audio/24c0d8b36134d56d.wav,11,Thunderstorm
audio/4ba44c44b8f329f8.wav,11,Thunderstorm
audio/5aea9879905a70bd.wav,11,Thunderstorm
audio/ab01fd6eba86f589.wav,11,Thunderstorm
audio/cf660646801602e0.wav,11,Thunderstorm
audio/3bca06f892a36b31.wav,11,Thunderstorm
audio/9ca0c939a670bb53.wav,11,Thunderstorm
audio/dd7e4b0104334b05.wav,11,Thunderstorm
audio/b268a5bd2aecb7ed.wav,11,Thunderstorm
audio/b8357941c869fa51.wav,11,Thunderstorm
audio/94db1f9595c1afdd.wav,11,Thunderstorm
audio/c00943b6a350b88e.wav,11,Thunderstorm
audio/62ec3860ac11c7f9.wav,11,Thunderstorm
audio/df3d4227d8447fe1.wav,11,Thunderstorm
audio/f5821f05eb8b5283.wav,11,Thunderstorm
audio/b9f379a6dabbcbfd.wav,11,Thunderstorm
audio/41e7d8d188fe2605.wav,11,Thunderstorm
audio/bba11d5d71e08b0a.wav,11,Thunderstorm
audio/0d93142084124c90.wav,11,Thunderstorm
audio/78e51fa046d59c7d.wav,11,Thunderstorm
audio/03d82828e4a7135a.wav,11,Thunderstorm
audio/772445146a3057c4.wav,11,Thunderstorm
audio/78d074ff16222799.wav,11,Thunderstorm
audio/966f6e8216492087.wav,11,Thunderstorm
audio/e525757aee658f78.wav,11,Thunderstorm
audio/611503c98084b2a8.wav,11,Thunderstorm
audio/ddfed1f100951a1e.wav,11,Thunderstorm
audio/b11571214abface0.wav,11,Thunderstorm
audio/ba0fc5022346b5f2.wav,15,Rain
audio/872ad91fe4d8d3a1.wav,11,Thunderstorm
audio/92fb90321876d436.wav,11,Thunderstorm
audio/1df93486b2fd45c7.wav,15,Rain
audio/ad9af9154e5f9fcc.wav,11,Thunderstorm
audio/9872a199f2468dd3.wav,15,Rain
audio/35dfbb13c2dd4bf2.wav,11,Thunderstorm
audio/84e9c7a421942a4f.wav,11,Thunderstorm
audio/64ec405df98db7bf.wav,11,Thunderstorm
audio/6eb2cc6670975221.wav,11,Thunderstorm
audio/de721a80f790a502.wav,11,Thunderstorm
audio/27b2bcc834c521fa.wav,11,Thunderstorm
audio/be75e094460794a4.wav,11,Thunderstorm
audio/15d773d4879ed73e.wav,11,Thunderstorm
audio/e1186a7e67c3afcb.wav,11,Thunderstorm
audio/d849403fd2d2c96c.wav,11,Thunderstorm
audio/18c06ae86c529bcd.wav,15,Rain
audio/c5a008b032041c93.wav,11,Thunderstorm
audio/d18313281553af6c.wav,11,Thunderstorm
audio/6898771d7b65bc9d.wav,11,Thunderstorm
audio/09855a2e1fbccb0d.wav,11,Thunderstorm
audio/d36d7839feea547a.wav,11,Thunderstorm
audio/c78f10f9b2c3cfab.wav,15,Rain
audio/f7bcdce8a795c0c6.wav,11,Thunderstorm
audio/325bf5588075932f.wav,15,Rain
audio/fe7eefb609cf7ddd.wav,15,Rain
audio/82679de3fc4b8618.wav,11,Thunderstorm
audio/df3193366eb4a505.wav,16,Crackling Fire
audio/1809eac33228af41.wav,16,Crackling Fire
audio/28f509cc1e8736dd.wav,16,Crackling Fire
audio/72e34aa8c1a3d3a1.wav,16,Crackling Fire
audio/721570dfd559e02a.wav,16,Crackling Fire
audio/b8067efdbd7dc369.wav,16,Crackling Fire
audio/0aee7ed4392e803a.wav,16,Crackling Fire
audio/0bb19e3757d9a3ea.wav,16,Crackling Fire
audio/93717dc02c9c7157.wav,16,Crackling Fire
audio/ac4012a927dd2573.wav,16,Crackling Fire
audio/2fa1d73b46576168.wav,16,Crackling Fire
audio/e6452d327bdcd4e0.wav,16,Crackling Fire
audio/1dacb98d6e6fc76f.wav,16,Crackling Fire
audio/f22db9fde0003b7a.wav,16,Crackling Fire
audio/ac67299926cae973.wav,16,Crackling Fire
audio/32599fe98f2ef286.wav,16,Crackling Fire
audio/9af3daeec0a24242.wav,16,Crackling Fire
audio/d202640fb4bec7f4.wav,16,Crackling Fire
audio/748eb0828f813874.wav,16,Crackling Fire
audio/57a93cd97347e0f5.wav,16,Crackling Fire
audio/69b60730af61dc74.wav,16,Crackling Fire
audio/cf2d4702c2d6b058.wav,16,Crackling Fire
audio/c5449f5a27781ebb.wav,16,Crackling Fire
audio/d4d35a4e649988a6.wav,16,Crackling Fire
audio/22f58692f0742f37.wav,17,Axe
audio/6028b756e38ab2e5.wav,17,Axe
audio/eb8d54ed4e68ecf0.wav,17,Axe
audio/173645ae6d33d0f9.wav,17,Axe
audio/c67929018126c1f2.wav,17,Axe
audio/41a347e386287488.wav,17,Axe
audio/1aa4cf9bb74ffcce.wav,17,Axe
audio/465c4014177121ad.wav,17,Axe
audio/ea00f7cd653dae90.wav,17,Axe
audio/cf1bde1e6a860302.wav,17,Axe
audio/4c6b3d339f8676fd.wav,17,Axe
audio/c2a4d00c11fc3a93.wav,17,Axe
audio/40350ad7d77cb693.wav,17,Axe
audio/73c309177d07948d.wav,17,Axe
audio/623e30fec0bed72f.wav,17,Axe
audio/c4ef94804d7d8b88.wav,17,Axe
audio/f87df54ce2f92af8.wav,17,Axe
audio/abaa7430d4411386.wav,17,Axe
audio/2fb4d85e47229d57.wav,17,Axe
audio/8837eb873a5bd9b3.wav,17,Axe
audio/65da46a039f128d3.wav,17,Axe
audio/62805fa74f0208df.wav,17,Axe
audio/9aac172d19e1ed04.wav,17,Axe
audio/7caf4acaf01de827.wav,17,Axe
audio/182f5b0d49eeb27b.wav,17,Axe
audio/bc37f699cabb8a6a.wav,17,Axe
audio/ba89aed44a64b2c8.wav,17,Axe
audio/f60d12e2b7166a88.wav,17,Axe
audio/b26a0896a683b529.wav,17,Axe
audio/6c6ddcb0eb6431f6.wav,17,Axe
audio/d2850d8b3555b5b6.wav,17,Axe
audio/cf5bfe6e66f6598a.wav,17,Axe
audio/abc837cabcee4fa7.wav,17,Axe
audio/0ea3448d109f2ee9.wav,17,Axe
audio/b12c131080197431.wav,17,Axe
audio/d65de4f075ff77f4.wav,17,Axe
audio/ca5a5ec23d4a186b.wav,17,Axe
audio/9c713205ae2d1dac.wav,17,Axe
audio/2c0f95116b4881d9.wav,17,Axe
audio/04ec01cab5467e2c.wav,17,Axe
audio/065d8b408143f012.wav,17,Axe
audio/68728db022852f95.wav,17,Axe
audio/7289b7f50eb02c64.wav,17,Axe
audio/fb4e0e862f656606.wav,17,Axe
audio/b16fd472f343ce8a.wav,17,Axe
audio/a6e55adfa431edfc.wav,18,Chainsaw
audio/71048dd8fc7af008.wav,18,Chainsaw
audio/989fae26cae396ab.wav,18,Chainsaw
audio/edc457bfe5186ac7.wav,18,Chainsaw
audio/bb721cc48f941d74.wav,18,Chainsaw
audio/926976175f1f65d2.wav,18,Chainsaw
audio/98c65e8ed15c7817.wav,18,Chainsaw
audio/9525835d0a33b48c.wav,18,Chainsaw
audio/1fedf449b52adfde.wav,18,Chainsaw
audio/75e7f921b24114cd.wav,18,Chainsaw
audio/219182bcfda71984.wav,18,Chainsaw
audio/8c396c57ff507e47.wav,18,Chainsaw
audio/df4d3bf26f659d3b.wav,18,Chainsaw
audio/e4bd54272fe2816f.wav,18,Chainsaw
audio/1b166faf6c81a9a9.wav,18,Chainsaw
audio/22d9028c242b1e2d.wav,18,Chainsaw
audio/6b933aecf01c50b7.wav,18,Chainsaw
audio/98d06ac4358831ab.wav,18,Chainsaw
audio/a46dc5e8b7f1c1f3.wav,18,Chainsaw
audio/c1134ba12d403741.wav,18,Chainsaw
audio/90dc4ad60bce1f6e.wav,18,Chainsaw
audio/6c11ee98e31a4e8b.wav,18,Chainsaw
audio/7af2bdaf6d0e8238.wav,18,Chainsaw
audio/15d67d809cd84509.wav,18,Chainsaw
audio/6da4c04cd37066a8.wav,18,Chainsaw
audio/3facfe4c7cbc22f6.wav,18,Chainsaw
audio/93153cc21a7cb0da.wav,18,Chainsaw
audio/a52294112f005991.wav,18,Chainsaw
audio/59b781c325566125.wav,18,Chainsaw
audio/cd8b2f623a0f38e7.wav,18,Chainsaw
audio/b836676d89671c74.wav,18,Chainsaw
audio/f93fbd66c6781c4e.wav,18,Chainsaw
audio/59ad2629090b5c19.wav,18,Chainsaw
audio/8c6cec00e75bd125.wav,18,Chainsaw
audio/befda138c13458b9.wav,18,Chainsaw
audio/90b5d266013a07e0.wav,18,Chainsaw
audio/50ca714c49a40c1e.wav,18,Chainsaw
audio/bbd0d6d6f96932f2.wav,18,Chainsaw
audio/81e27a15180facc5.wav,18,Chainsaw
audio/29607e73e49db7b7.wav,18,Chainsaw
audio/a7400f572d134155.wav,18,Chainsaw
audio/65e5546ca2271a65.wav,18,Chainsaw
audio/8b90aaa86c6699ef.wav,18,Chainsaw
audio/abbf18189334cf70.wav,18,Chainsaw
audio/6b2558ab3a38e342.wav,18,Chainsaw
audio/9fa907f5717732c2.wav,19,Generator
audio/102e3d6d0be338ec.wav,19,Generator
audio/1d6d3094391fbd22.wav,19,Generator
audio/742169b0b880df44.wav,19,Generator
audio/7b51e6549b02e647.wav,19,Generator
audio/85792b42f65f52f3.wav,19,Generator
audio/76fd35b02fecc5ca.wav,19,Generator
audio/f24034ac80eafa7f.wav,19,Generator
audio/244ea2f1cf7a6ed7.wav,19,Generator
audio/c391bc2e54f8e847.wav,19,Generator
audio/624f63ea0269fbf5.wav,19,Generator
audio/d7fe335bf1d26a2b.wav,19,Generator
audio/fdbaf27d8f4a5ed7.wav,19,Generator
audio/b894fe4d66baee7d.wav,19,Generator
audio/fb56cf37ced34df6.wav,19,Generator
audio/aaa4768000cc8e2c.wav,19,Generator
audio/114755fd452f6377.wav,19,Generator
audio/c7deee8f57a2cb82.wav,19,Generator
audio/fabacd7e7647b37b.wav,19,Generator
audio/2ae11693c2952de7.wav,19,Generator
audio/c5aadac668394ed4.wav,19,Generator
audio/3e052349432f9c23.wav,19,Generator
audio/bdb0969fa9c3c113.wav,19,Generator
audio/5f6130dbd4e8d71c.wav,19,Generator
audio/211e647e309f048d.wav,19,Generator
audio/c1998ecdff1fe837.wav,19,Generator
audio/3203a2ffa55e9c00.wav,19,Generator
audio/11813500263a2d66.wav,19,Generator
audio/5da30edde3efafda.wav,19,Generator
audio/a95a499d4832d950.wav,19,Generator
audio/6ff1a736b32e0279.wav,19,Generator
audio/b57dba6798d11fb7.wav,19,Generator
audio/8ba087a78d7aef49.wav,19,Generator
audio/228b75dd061a9cb4.wav,19,Generator
audio/db6dc7d18253cbd8.wav,19,Generator
audio/f91aab1dae1a2d2f.wav,19,Generator
audio/2ecc28cd4bfd240f.wav,19,Generator
audio/885f0612c891720e.wav,19,Generator
audio/29fc94f1dfd8c777.wav,19,Generator
audio/14b5d8977d56f7f7.wav,19,Generator
audio/f3b113c2cd58d56f.wav,19,Generator
audio/5b0df7c14997c23a.wav,19,Generator
audio/e00eef90adecc057.wav,19,Generator
audio/c20a4fe805e3db70.wav,19,Generator
audio/4a1d76a1ea82eb63.wav,19,Generator
audio/d41894ccc6275cd8.wav,20,Hand Saw
audio/0a44a0732d4b07dd.wav,20,Hand Saw
audio/db274b506acd4d74.wav,20,Hand Saw
audio/0204ea0e803a9757.wav,20,Hand Saw
audio/d71e8dced7b6ccb4.wav,20,Hand Saw
audio/342e5ef6acac6264.wav,20,Hand Saw
audio/244b46a128063ea7.wav,20,Hand Saw
audio/05b1aa7e57d14570.wav,20,Hand Saw
audio/9fd790dfc2be3182.wav,20,Hand Saw
audio/4674bb06f3176298.wav,20,Hand Saw
audio/6d8ccfc96c05bc5d.wav,20,Hand Saw
audio/8c4b4a662099a701.wav,20,Hand Saw
audio/13cae8c8f5359e6b.wav,20,Hand Saw
audio/7dca7b1f64f2513b.wav,20,Hand Saw
audio/08b0237862b022d9.wav,20,Hand Saw
audio/7c09246c15602c07.wav,20,Hand Saw
audio/b636ba230dd6113c.wav,20,Hand Saw
audio/088e8b1a2375d0be.wav,20,Hand Saw
audio/dca13169b7cfb2bf.wav,20,Hand Saw
audio/e68ea2328ad30896.wav,20,Hand Saw
audio/5d2692e965dc297e.wav,20,Hand Saw
audio/498be857297a51c1.wav,20,Hand Saw
audio/8efc78566192fa51.wav,20,Hand Saw
audio/0222446557fdc442.wav,20,Hand Saw
audio/cb26fb44fcb9d490.wav,20,Hand Saw
audio/2ec2f0adbe580465.wav,20,Hand Saw
audio/b1a02308ab79ae95.wav,20,Hand Saw
audio/efa9265d76d8a887.wav,20,Hand Saw
audio/4773e94cba8d0f3f.wav,20,Hand Saw
audio/4f607e7a61d40aae.wav,20,Hand Saw
audio/23d034fdb9738769.wav,20,Hand Saw
audio/1edf8e0d904a8eec.wav,20,Hand Saw
audio/f762a0e25d917360.wav,20,Hand Saw
audio/c402e0814c349c24.wav,20,Hand Saw
audio/75f4ef922d948638.wav,20,Hand Saw
audio/3af173749b107d52.wav,20,Hand Saw
audio/1e15636483d455ad.wav,20,Hand Saw
audio/9ae97cd4da07f356.wav,20,Hand Saw
audio/99a8fef641968a28.wav,20,Hand Saw
audio/1337fd64a3a6b9a1.wav,20,Hand Saw
audio/d21dd60938a89e07.wav,20,Hand Saw
audio/4b4a55ddfbe139ff.wav,20,Hand Saw
audio/4824a7bf668cb60e.wav,20,Hand Saw
audio/5224b6ea45d3979d.wav,20,Hand Saw
audio/90b227cfce5e71ec.wav,20,Hand Saw
audio/f12215cc7fe29f1a.wav,21,Vehicle Engine
audio/acc5397904358ef0.wav,21,Vehicle Engine
audio/dac9c9a987bd8ec8.wav,21,Vehicle Engine
audio/a4dfcf26be424aea.wav,21,Vehicle Engine
audio/82806c373485daba.wav,21,Vehicle Engine
audio/8df56f2dc711bf3f.wav,21,Vehicle Engine
audio/15bc212b47ceb1dc.wav,21,Vehicle Engine
audio/f76cdd3c0183819b.wav,21,Vehicle Engine
audio/0e3372a9426dca6c.wav,21,Vehicle Engine
audio/822a6ba25706bdc3.wav,21,Vehicle Engine
audio/05148db84a8b73f4.wav,21,Vehicle Engine
audio/6d219f2aaa032f1e.wav,21,Vehicle Engine
audio/832a4be60583ec2c.wav,21,Vehicle Engine
audio/e19bccf39b05000c.wav,21,Vehicle Engine
audio/6e98a964eab2a7c6.wav,21,Vehicle Engine
audio/5517e8fe3b545d86.wav,21,Vehicle Engine
audio/fd4da32fc78505ca.wav,21,Vehicle Engine
audio/f1638a6d1cdc333c.wav,21,Vehicle Engine
audio/4a3c294c1e41044d.wav,21,Vehicle Engine
audio/dbebf02ad244a525.wav,21,Vehicle Engine
audio/e2532aaeab4a6f44.wav,21,Vehicle Engine
audio/e5aecb835da92e02.wav,21,Vehicle Engine
audio/907f3bd13d0eead2.wav,21,Vehicle Engine
audio/33c818c250fe6200.wav,21,Vehicle Engine
audio/be8f76efd943bfe1.wav,21,Vehicle Engine
audio/1c78e28bfdc19705.wav,21,Vehicle Engine
audio/247a67639f51d219.wav,21,Vehicle Engine
audio/07e0bcbd74448c08.wav,21,Vehicle Engine
audio/e7533089fca4d5d1.wav,21,Vehicle Engine
audio/c272d1ae6ed5637a.wav,21,Vehicle Engine
audio/7466fc1d6e925091.wav,21,Vehicle Engine
audio/efb6ab491eca052b.wav,21,Vehicle Engine
audio/4fc9cd5857168a7e.wav,21,Vehicle Engine
audio/503cdd845915aa92.wav,21,Vehicle Engine
audio/6f6c428725add0ea.wav,21,Vehicle Engine
audio/2bc4ea33df5805ad.wav,21,Vehicle Engine
audio/c2a9185522b2e0c3.wav,21,Vehicle Engine
audio/02758ed64765b119.wav,21,Vehicle Engine
audio/f419f91fba9968f1.wav,21,Vehicle Engine
audio/1b6e391cac378c0c.wav,21,Vehicle Engine
audio/9ce1cf1828e2e114.wav,21,Vehicle Engine
audio/50d5e84a4b341ee1.wav,21,Vehicle Engine
audio/1d76a0d87f742a98.wav,21,Vehicle Engine
audio/a8328be3b309b1c4.wav,21,Vehicle Engine
audio/f3104424ae04690e.wav,21,Vehicle Engine
audio/642010b2b107675d.wav,22,Helicopter
audio/d9f08c882e32f377.wav,22,Helicopter
audio/5cc698bd54437c12.wav,22,Helicopter
audio/7cbf356a9ed91f46.wav,22,Helicopter
audio/50321ff83e97e10b.wav,22,Helicopter
audio/6186c0b5e29793b8.wav,22,Helicopter
audio/13345d1ca013b895.wav,22,Helicopter
audio/ee3b5c13b9e0b45d.wav,22,Helicopter
audio/113996a892c3198b.wav,22,Helicopter
audio/730d6328adccaae4.wav,22,Helicopter
audio/9b75364e07557010.wav,22,Helicopter
audio/66e0e1a4d186da6d.wav,22,Helicopter
audio/e60d21de83db2876.wav,22,Helicopter
audio/e3f0ecfa51bb9348.wav,22,Helicopter
audio/ae6201cc80828f1e.wav,22,Helicopter
audio/7b5acb758e5c444e.wav,22,Helicopter
audio/e46fc71ecf5eec11.wav,22,Helicopter
audio/d2c2ce2b850a7297.wav,22,Helicopter
audio/4e8ebb79a6e48646.wav,22,Helicopter
audio/bcc216fa36e86fff.wav,22,Helicopter
audio/040485dbf106e901.wav,22,Helicopter
audio/8c6a6c123ea17e9a.wav,22,Helicopter
audio/d6861d913ebac489.wav,22,Helicopter
audio/39710574307a9d28.wav,22,Helicopter
audio/cb2c9485b6182887.wav,22,Helicopter
audio/ca39779b5921e820.wav,22,Helicopter
audio/5065f9d83c763b03.wav,22,Helicopter
audio/f4aa6a851884c8c6.wav,22,Helicopter
audio/d1f11bae59d57fc5.wav,22,Helicopter
audio/a51c44fe6e45fa8c.wav,22,Helicopter
audio/d20d2ee7f49ded4f.wav,22,Helicopter
audio/fb3cad39f32dc20e.wav,22,Helicopter
audio/e5da5e381a138040.wav,22,Helicopter
audio/9e747d2aa1cdf518.wav,22,Helicopter
audio/9326ff99fdad56b4.wav,22,Helicopter
audio/028e17a622d3e2bd.wav,22,Helicopter
audio/2e87cbdefbfe1418.wav,22,Helicopter
audio/35daa1d82ebffbff.wav,22,Helicopter
audio/42e3c0a48b138a39.wav,22,Helicopter
audio/d3db53a99bcaec9e.wav,22,Helicopter
audio/64cb945d292dd737.wav,22,Helicopter
audio/7c23fc12e772dab5.wav,22,Helicopter
audio/daab701e0be8216c.wav,22,Helicopter
audio/f184bbc10df992f6.wav,22,Helicopter
audio/d88a0e73032a89db.wav,22,Helicopter
audio/51e48adcc5c1a199.wav,23,Gunshot
audio/6471336c6307bb04.wav,23,Gunshot
audio/7a325ec7ea975308.wav,23,Gunshot
audio/dc7c2af2a88b5516.wav,23,Gunshot
audio/f40bc2cbd8c3f3a8.wav,23,Gunshot
audio/fa601e6322c9993f.wav,23,Gunshot
audio/dae6f1c1fa56e28d.wav,23,Gunshot
audio/5d9dd8a97dc2eddf.wav,23,Gunshot
audio/4badebbb19ddf5d3.wav,23,Gunshot
audio/84db5d44677b6586.wav,23,Gunshot
audio/d3d2b72206d96826.wav,23,Gunshot
audio/5e8ed02d101ad417.wav,23,Gunshot
audio/fee65f151e9ce0b8.wav,23,Gunshot
audio/68fa715c3ebdff60.wav,23,Gunshot
audio/5c0d085e2f5099ac.wav,23,Gunshot
audio/f2025c0dcbc0fd85.wav,23,Gunshot
audio/31abe8a7fb234751.wav,23,Gunshot
audio/5ec2ad496dbabf5a.wav,23,Gunshot
audio/461890c6f64a1609.wav,23,Gunshot
audio/c1e6c84fd824225e.wav,23,Gunshot
audio/cbeefc65ed55ad20.wav,23,Gunshot
audio/930fd7898cecf178.wav,23,Gunshot
audio/06f23ebcd3acc588.wav,23,Gunshot
audio/6af0eb8084ea5cd4.wav,23,Gunshot
audio/43cca6cf98e81763.wav,23,Gunshot
audio/6984ab094e14481e.wav,23,Gunshot
audio/054b5e1827a4012c.wav,23,Gunshot
audio/a3c330a84049e4cd.wav,23,Gunshot
audio/db112497fae79266.wav,23,Gunshot
audio/bd1c5547d45b6e24.wav,23,Gunshot
audio/a1722f3f7bd98d08.wav,23,Gunshot
audio/d816329d4d1202b5.wav,23,Gunshot
audio/cd2daf38c2343df7.wav,23,Gunshot
audio/087032f3a21cefdf.wav,23,Gunshot
audio/b70792f09bcca2fc.wav,23,Gunshot
audio/59f0107110dafa5c.wav,23,Gunshot
audio/d0a451910d2a6a01.wav,23,Gunshot
audio/97c4e867e527be40.wav,23,Gunshot
audio/1fa1da2f5b62c66d.wav,23,Gunshot
audio/2da312fdd19aae55.wav,23,Gunshot
audio/61bc911f79db281e.wav,23,Gunshot
audio/9cbe5fb0e3865cea.wav,23,Gunshot
audio/b2264030a526b6ad.wav,23,Gunshot
audio/2ee8534c14dc61b1.wav,23,Gunshot
audio/def85e7f0cc97742.wav,23,Gunshot
audio/2a74b78489734e1f.wav,24,Firework
audio/5cd71c77ebed0787.wav,24,Firework
audio/67bb175d82f28707.wav,24,Firework
audio/034acfd5ccef33d4.wav,24,Firework
audio/ce2674f6e949de7b.wav,24,Firework
audio/8cafe51c6107018d.wav,24,Firework
audio/e493a7fe7ef0ac5f.wav,24,Firework
audio/449fad03111eee33.wav,24,Firework
audio/ed85399018bb7531.wav,24,Firework
audio/e6a545455bd1954d.wav,24,Firework
audio/87622e31771d36b4.wav,24,Firework
audio/39dbe8f30a3de939.wav,24,Firework
audio/152484c8b779ce34.wav,24,Firework
audio/b861290ba1a2d5db.wav,24,Firework
audio/fcb3646dde6fa93f.wav,24,Firework
audio/6592373fe9a36a99.wav,24,Firework
audio/fb8b8e6238af5356.wav,24,Firework
audio/331e4619db7cbe47.wav,24,Firework
audio/606e620a29591ab3.wav,24,Firework
audio/a80da1c4c17b31c8.wav,24,Firework
audio/4f198f8e148b4dce.wav,24,Firework
audio/84ae0ca4f975f4a5.wav,24,Firework
audio/b0ac2aa49b0c8433.wav,24,Firework
audio/f2e51980b746b1d2.wav,24,Firework
audio/31e1a9a238452665.wav,24,Firework
audio/e727ffa9394f806e.wav,24,Firework
audio/b2187bd68c4d245f.wav,24,Firework
audio/cdbf69e3da040d7d.wav,24,Firework
audio/b9b228d9a33d58eb.wav,24,Firework
audio/5fa700b71fa51ac9.wav,24,Firework
audio/472c11dc91397d56.wav,24,Firework
audio/bd805f9d8d1b2a82.wav,24,Firework
audio/e9643c9b52de3a8b.wav,24,Firework
audio/29491dcb5a119ecd.wav,24,Firework
audio/64f05b4136018c25.wav,24,Firework
audio/51ab7379e5659427.wav,24,Firework
audio/af3a16060229394c.wav,24,Firework
audio/14f0a0fc827f115d.wav,24,Firework
audio/57870d60e60b5e3e.wav,24,Firework
audio/d7c2c5c22155c756.wav,24,Firework
audio/564addd3cf264204.wav,24,Firework
audio/9569432d8acd8533.wav,24,Firework
audio/5c8f069ef0f13445.wav,24,Firework
audio/caf053130f91a401.wav,24,Firework
audio/5630022c67085af0.wav,24,Firework
audio/b7b404da159a0fef.wav,25,Pterophylla Camellifolia
audio/f6d16e2da385a6a5.wav,25,Pterophylla Camellifolia
audio/86d768d6f18d472a.wav,25,Pterophylla Camellifolia
audio/d9a0096b102d9ff0.wav,25,Pterophylla Camellifolia
audio/65e5f5a19fc2e79b.wav,25,Pterophylla Camellifolia
audio/aaca0d39fc7349a3.wav,25,Pterophylla Camellifolia
audio/14c66ec80d393de5.wav,25,Pterophylla Camellifolia
audio/8abfcefeed88460a.wav,25,Pterophylla Camellifolia
audio/0b502d2619222838.wav,25,Pterophylla Camellifolia
audio/e2909655b99add62.wav,25,Pterophylla Camellifolia
audio/fce6aaa155ce3d29.wav,25,Pterophylla Camellifolia
audio/b15299467b4e6049.wav,25,Pterophylla Camellifolia
audio/ce995b78d997ad6c.wav,25,Pterophylla Camellifolia
audio/b0744988d2e90cf3.wav,25,Pterophylla Camellifolia
audio/a4cae50e46bc8777.wav,25,Pterophylla Camellifolia
audio/bce14ad081ae0082.wav,25,Pterophylla Camellifolia
audio/0392abb3015a95c6.wav,25,Pterophylla Camellifolia
audio/482e90e60e1e9458.wav,25,Pterophylla Camellifolia
audio/3597637c1b16ab75.wav,25,Pterophylla Camellifolia
audio/e9f80bf2806e6806.wav,25,Pterophylla Camellifolia
audio/bb2e35e3db1e5fdb.wav,25,Pterophylla Camellifolia
audio/afa9817f25d94963.wav,25,Pterophylla Camellifolia
audio/b2e772afd012dced.wav,25,Pterophylla Camellifolia
audio/23978becbcd3bb6c.wav,25,Pterophylla Camellifolia
audio/93c4b103e2b965b7.wav,25,Pterophylla Camellifolia
audio/a50f23a04bd7b8d7.wav,25,Pterophylla Camellifolia
audio/e5e756314adaa888.wav,25,Pterophylla Camellifolia
audio/dd8e9613452334e2.wav,25,Pterophylla Camellifolia
audio/3f32eaa807f2f17b.wav,25,Pterophylla Camellifolia
audio/59b3cec1000e2751.wav,25,Pterophylla Camellifolia
audio/176fc9596e2be03d.wav,25,Pterophylla Camellifolia
audio/db2ebcff67e3a829.wav,25,Pterophylla Camellifolia
audio/07a00e4a5fc43a82.wav,25,Pterophylla Camellifolia
audio/949bbd222e9ed39f.wav,25,Pterophylla Camellifolia
audio/7a2337c9ce78f050.wav,25,Pterophylla Camellifolia
audio/f3e65f768bb0c7a0.wav,25,Pterophylla Camellifolia
audio/fb82f58398fb4662.wav,25,Pterophylla Camellifolia
audio/4f13d246cb4c78c3.wav,25,Pterophylla Camellifolia
audio/ce7a1e78330aa3f5.wav,25,Pterophylla Camellifolia
audio/4e2b8c6b6c940283.wav,25,Pterophylla Camellifolia
audio/21309bf76cdba601.wav,25,Pterophylla Camellifolia
audio/0367d423428c7f64.wav,25,Pterophylla Camellifolia
audio/18fb56899ceb3031.wav,25,Pterophylla Camellifolia
audio/7270fcd8b48166df.wav,25,Pterophylla Camellifolia
audio/a2bb65dcb5c7a1d2.wav,25,Pterophylla Camellifolia
audio/3d1e195d5e3d6147.wav,25,Pterophylla Camellifolia
audio/75da991298eafc78.wav,25,Pterophylla Camellifolia
audio/1251013d62d69435.wav,25,Pterophylla Camellifolia
audio/9087eea328c35d94.wav,25,Pterophylla Camellifolia
audio/85472ca506e520a3.wav,25,Pterophylla Camellifolia
audio/930f5e5fa88998a1.wav,25,Pterophylla Camellifolia
audio/cb9d0fa481297031.wav,25,Pterophylla Camellifolia
audio/eed3bbcd4deeb40a.wav,25,Pterophylla Camellifolia
audio/f663c860b7f26217.wav,25,Pterophylla Camellifolia
audio/e581a76366791739.wav,25,Pterophylla Camellifolia
audio/62f0141ce4d1a9e7.wav,25,Pterophylla Camellifolia
audio/29d24516e75f5628.wav,25,Pterophylla Camellifolia
audio/414b0a169663ff84.wav,25,Pterophylla Camellifolia
audio/390240daaab9fcdd.wav,25,Pterophylla Camellifolia
audio/af0864316cd0e175.wav,25,Pterophylla Camellifolia
audio/ffc8d3dfc6e98ec8.wav,26,Cicada Orni
audio/3cae60eae15ffde6.wav,26,Cicada Orni
audio/5eb43fa697801e4c.wav,26,Cicada Orni
audio/22215ddd41037676.wav,26,Cicada Orni
audio/e3aa1b711e0d6013.wav,26,Cicada Orni
audio/535a5b527cd3ef92.wav,26,Cicada Orni
audio/610ae6a4d0a59e5b.wav,26,Cicada Orni
audio/32448130c61c5223.wav,26,Cicada Orni
audio/04d5301d5133a7e0.wav,26,Cicada Orni
audio/fcf1070aec235a1b.wav,26,Cicada Orni
audio/6733c9f6f239e1ff.wav,26,Cicada Orni
audio/742b6bbe8fa656dd.wav,26,Cicada Orni
audio/7a91b401c62436b7.wav,26,Cicada Orni
audio/05087cb17d27c40a.wav,26,Cicada Orni
audio/873fe60705d9a3ad.wav,26,Cicada Orni
audio/0c9966ef2574d3c3.wav,26,Cicada Orni
audio/97cbdc7547819681.wav,26,Cicada Orni
audio/5e24f4f90cb3346a.wav,26,Cicada Orni
audio/536728986a865215.wav,26,Cicada Orni
audio/0ac9f1d018c43d72.wav,26,Cicada Orni
audio/99ae2aa5ca7768cf.wav,26,Cicada Orni
audio/28e7a124581f0a74.wav,26,Cicada Orni
audio/48c9baed1ff750d1.wav,26,Cicada Orni
audio/4f77bd934eed4322.wav,26,Cicada Orni
audio/5582a58596aaebdb.wav,26,Cicada Orni
audio/b4c1ef0ddd65f958.wav,26,Cicada Orni
audio/84842065885d60d5.wav,26,Cicada Orni
audio/4495247e64294a67.wav,26,Cicada Orni
audio/33ac231f189a6512.wav,26,Cicada Orni
audio/fe53f18f045bf972.wav,26,Cicada Orni
audio/11aa85e0c64eda0a.wav,26,Cicada Orni
audio/0cfec83fa027e604.wav,26,Cicada Orni
audio/961e7e0441a8acc0.wav,26,Cicada Orni
audio/2f3ae201e1033118.wav,26,Cicada Orni
audio/5cb5316b99dc71d9.wav,26,Cicada Orni
audio/b549061a6b78a51e.wav,26,Cicada Orni
audio/e8f3eb6d8301ea58.wav,26,Cicada Orni
audio/27469c8b1c4b7d5c.wav,26,Cicada Orni
audio/d751ede4609a477c.wav,26,Cicada Orni
audio/5e3306b6aac46f59.wav,26,Cicada Orni
audio/46866e84c18898b0.wav,26,Cicada Orni
audio/5041f858058f0fdb.wav,26,Cicada Orni
audio/48671704ebda5828.wav,26,Cicada Orni
audio/20f964da30235af6.wav,26,Cicada Orni
audio/f2cc0522f22beb08.wav,26,Cicada Orni
audio/d8710eb565af724c.wav,26,Cicada Orni
audio/a1fcbbbd0baa61b9.wav,26,Cicada Orni
audio/4693cff7e1945632.wav,26,Cicada Orni
audio/c5d595dc1310580a.wav,26,Cicada Orni
audio/1c8498b2687f1b6c.wav,26,Cicada Orni
audio/630688499586af8b.wav,26,Cicada Orni
audio/08b9138bc8e2c26e.wav,26,Cicada Orni
audio/bf1eb060a61eca0b.wav,26,Cicada Orni
audio/263ff940bb32070c.wav,26,Cicada Orni
audio/3623dbc833813cce.wav,26,Cicada Orni
audio/399b0bcdf7cf28c4.wav,26,Cicada Orni
audio/1a153d21cae35514.wav,26,Cicada Orni
audio/52b34fec6dec3916.wav,26,Cicada Orni
audio/02a599f9d13f8a13.wav,26,Cicada Orni
audio/d508070307f24b69.wav,26,Cicada Orni
audio/58fe61fdbbb3a93b.wav,27,Gryllus Campestris
audio/ffc23eba8d539a0e.wav,27,Gryllus Campestris
audio/1905810b4f818c3a.wav,27,Gryllus Campestris
audio/8bd415bd0857fe6c.wav,27,Gryllus Campestris
audio/0189fff49b42cfdf.wav,27,Gryllus Campestris
audio/4a3e9562fd57fe18.wav,27,Gryllus Campestris
audio/1e4f91fe2318a946.wav,27,Gryllus Campestris
audio/86587a81b1293120.wav,27,Gryllus Campestris
audio/efcf68d087cf9b2f.wav,27,Gryllus Campestris
audio/eebd24d5045d9994.wav,27,Gryllus Campestris
audio/3b7e7cae778a5181.wav,27,Gryllus Campestris
audio/48f12185588c49ff.wav,27,Gryllus Campestris
audio/f41b87fe2c2407da.wav,27,Gryllus Campestris
audio/df9c636656beb113.wav,27,Gryllus Campestris
audio/59e7343f91c21a30.wav,27,Gryllus Campestris
audio/78ae8688d5067be6.wav,27,Gryllus Campestris
audio/7fa6703427d74804.wav,27,Gryllus Campestris
audio/dafb8eae3533ec2a.wav,27,Gryllus Campestris
audio/d803d7c57297c78b.wav,27,Gryllus Campestris
audio/2eeda84152361133.wav,27,Gryllus Campestris
audio/bc9fa40775d7841c.wav,27,Gryllus Campestris
audio/9fa9207925966063.wav,27,Gryllus Campestris
audio/f382809fdb8ff364.wav,27,Gryllus Campestris
audio/5dc43a6cdd2ed660.wav,27,Gryllus Campestris
audio/79a405bd101b9eda.wav,27,Gryllus Campestris
audio/140feeefa72abb9a.wav,27,Gryllus Campestris
audio/7004279318c40683.wav,27,Gryllus Campestris
audio/443091d7a3c6b822.wav,27,Gryllus Campestris
audio/a0293b176c43996a.wav,27,Gryllus Campestris
audio/f6f4d5676ceee97e.wav,27,Gryllus Campestris
audio/52dbfe8fde1f6c6b.wav,27,Gryllus Campestris
audio/32796f19de02635a.wav,27,Gryllus Campestris
audio/b46421d50de651fd.wav,27,Gryllus Campestris
audio/647104e45e30d0d8.wav,27,Gryllus Campestris
audio/a19c0c627b5576a7.wav,27,Gryllus Campestris
audio/0227293fd7ffee70.wav,27,Gryllus Campestris
audio/92cbdba92bf24ee6.wav,27,Gryllus Campestris
audio/741b49339fff1e93.wav,27,Gryllus Campestris
audio/5aedae6f546907cc.wav,27,Gryllus Campestris
audio/a1bc9e99065a3bf7.wav,27,Gryllus Campestris
audio/dceb403ec14c2bc2.wav,27,Gryllus Campestris
audio/f9550b9f447cbde4.wav,27,Gryllus Campestris
audio/7acb6e15848ac505.wav,27,Gryllus Campestris
audio/a6e8a0084777bed1.wav,27,Gryllus Campestris
audio/22fc9b63e7f402f5.wav,27,Gryllus Campestris
audio/93bd83c72ed7c876.wav,27,Gryllus Campestris
audio/ce22fa8b6df6dd8e.wav,27,Gryllus Campestris
audio/f463338f78c20614.wav,27,Gryllus Campestris
audio/3fc9b70b84f45267.wav,27,Gryllus Campestris
audio/6c566dd48177889c.wav,27,Gryllus Campestris
audio/4940d4f5f97048a7.wav,27,Gryllus Campestris
audio/5bfa60550a2b73af.wav,27,Gryllus Campestris
audio/b35e9c56b5e66d5f.wav,27,Gryllus Campestris
audio/fe9e2e6056061f6d.wav,27,Gryllus Campestris
audio/5466274d65e62ca3.wav,27,Gryllus Campestris
audio/f2749fcaae870156.wav,27,Gryllus Campestris
audio/3609bbc3a4e9515a.wav,27,Gryllus Campestris
audio/e8ba79049df87c04.wav,27,Gryllus Campestris
audio/a69063435cc46528.wav,27,Gryllus Campestris
audio/894d67392a539046.wav,27,Gryllus Campestris
audio/7504052f8e5ea0e1.wav,28,Tettigonia Viridissima
audio/28ef2fe041ed7cff.wav,28,Tettigonia Viridissima
audio/cf97b4e78f3937a9.wav,28,Tettigonia Viridissima
audio/8f921a7c003e7488.wav,28,Tettigonia Viridissima
audio/98e6a9b935818c49.wav,28,Tettigonia Viridissima
audio/e09e25471883b3b4.wav,28,Tettigonia Viridissima
audio/6f4d3364782362d9.wav,28,Tettigonia Viridissima
audio/22bc8630a3ac5486.wav,28,Tettigonia Viridissima
audio/f9cd689ecb2124e6.wav,28,Tettigonia Viridissima
audio/c6c098f48d11e008.wav,28,Tettigonia Viridissima
audio/dcc74259ff899112.wav,28,Tettigonia Viridissima
audio/83c994a528f10cf9.wav,28,Tettigonia Viridissima
audio/93215612cebd04aa.wav,28,Tettigonia Viridissima
audio/6a0a05887045cae2.wav,28,Tettigonia Viridissima
audio/38616d6dd1a040f6.wav,28,Tettigonia Viridissima
audio/041965903c7a4340.wav,28,Tettigonia Viridissima
audio/5874dbfaeca428af.wav,28,Tettigonia Viridissima
audio/e9e4f7401dd524e0.wav,28,Tettigonia Viridissima
audio/010b41637860bc9d.wav,28,Tettigonia Viridissima
audio/c5e8e68d313e8396.wav,28,Tettigonia Viridissima
audio/c945422b49dfc1d2.wav,28,Tettigonia Viridissima
audio/63e97e783ee6e3c8.wav,28,Tettigonia Viridissima
audio/c41b45a516ced041.wav,28,Tettigonia Viridissima
audio/a8cad522ffbd6c42.wav,28,Tettigonia Viridissima
audio/6b75e0ab5bf177a4.wav,28,Tettigonia Viridissima
audio/2391bed58eefce75.wav,28,Tettigonia Viridissima
audio/c0d1f5b609b816dc.wav,28,Tettigonia Viridissima
audio/7547b86a3e87f145.wav,28,Tettigonia Viridissima
audio/c97b04d413be0686.wav,28,Tettigonia Viridissima
audio/7148544658c2d1e2.wav,28,Tettigonia Viridissima
audio/1bdd411f3519414d.wav,28,Tettigonia Viridissima
audio/fb5fb5d1ccf62f0e.wav,28,Tettigonia Viridissima
audio/392223271726874e.wav,28,Tettigonia Viridissima
audio/0868a8f60348520b.wav,28,Tettigonia Viridissima
audio/35d1b26ea2bfd200.wav,28,Tettigonia Viridissima
audio/62bafffde11da40c.wav,28,Tettigonia Viridissima
audio/866a92dd8045efd8.wav,28,Tettigonia Viridissima
audio/788b58ffb5600309.wav,28,Tettigonia Viridissima
audio/56ce489ea596b540.wav,28,Tettigonia Viridissima
audio/33d9d5195cf0cc23.wav,28,Tettigonia Viridissima
audio/51622da5b362fd08.wav,28,Tettigonia Viridissima
audio/928a509018715860.wav,28,Tettigonia Viridissima
audio/c1343ba78d73c37b.wav,28,Tettigonia Viridissima
audio/ac25ce6dc4606c55.wav,28,Tettigonia Viridissima
audio/ac6a7444e0e5bddf.wav,28,Tettigonia Viridissima
audio/a25542f08aceb9b2.wav,28,Tettigonia Viridissima
audio/f95e7919debf473e.wav,28,Tettigonia Viridissima
audio/d41ea90067849dcf.wav,28,Tettigonia Viridissima
audio/8add5e50234b6ae9.wav,28,Tettigonia Viridissima
audio/7feee64175d9ef79.wav,28,Tettigonia Viridissima
audio/b4272c28d1799994.wav,28,Tettigonia Viridissima
audio/d402c092e5b71531.wav,28,Tettigonia Viridissima
audio/c302c2adb450b977.wav,28,Tettigonia Viridissima
audio/71d656ad88858128.wav,28,Tettigonia Viridissima
audio/2fed06467a6840af.wav,28,Tettigonia Viridissima
audio/984625f3e148fd29.wav,28,Tettigonia Viridissima
audio/6320146bceca4963.wav,28,Tettigonia Viridissima
audio/179bfa19e68e50ae.wav,28,Tettigonia Viridissima
audio/a89ba5e15052efe1.wav,28,Tettigonia Viridissima
audio/7258cdfcbf9e16a5.wav,28,Tettigonia Viridissima
